model,HR@5,HR@10,NDCG@10,ComplementaryRatio@10
Full model,0.17251755265797392,0.2818455366098295,0.14711655366072454,1.0
w/o Constraint,0.007021063189568706,0.014042126379137413,0.006549673897542557,0.07933801404212638
Baseline SASRec,0.009027081243731194,0.01905717151454363,0.007732964466786987,0.07542627883650953
