model,target,HR@5,HR@10,NDCG@10,ComplementaryRatio@10
Baseline SASRec,256.48,0.01,0.02,0.006878828028985229,0.07200000000000001
Full model,256.48,0.2,0.33,0.1825260554775544,1.0
w/o Constraint,256.48,0.01,0.03,0.010879137408453966,0.077
